{"_runtime":88.235731033,"_step":1,"_wandb":{"runtime":88},"train_loss":0.2877471148967743,"_timestamp":1.7475847493039865e+09}