{"train_loss":0.0888126865029335,"_timestamp":1.74748841735801e+09,"_runtime":11174.623127576,"_step":1656,"_wandb":{"runtime":11174}}