{"train_loss":0.4003511369228363,"_wandb":{"runtime":96},"_timestamp":1.747457608511438e+09,"_runtime":96.987991166,"_step":1}