{"_timestamp":1.7475509047510986e+09,"_runtime":126.692689157,"_wandb":{"runtime":126},"_step":1,"train_loss":0.8050292730331421}