{"train_loss":0.1980774849653244,"_timestamp":1.7475596540367403e+09,"_runtime":115.39332375,"_step":3,"_wandb":{"runtime":115}}