{"_runtime":135.081429978,"_step":1,"_wandb":{"runtime":135},"train_loss":0.44673725962638855,"_timestamp":1.747620029394191e+09}