{"_runtime":91.959048853,"_step":1,"train_loss":0.3984343111515045,"_wandb":{"runtime":91},"_timestamp":1.7474573701245413e+09}