{"_step":1,"_wandb":{"runtime":113},"train_loss":0.3647429347038269,"_timestamp":1.747557660784145e+09,"_runtime":113.252499291}