{"_wandb":{"runtime":205},"train_loss":0.177141934633255,"_timestamp":1.747551711272353e+09,"_runtime":205.57426691,"_step":7}