{"_runtime":99.073805404,"_step":1,"_wandb":{"runtime":99},"train_loss":0.44673725962638855,"_timestamp":1.7475802160207047e+09}