{"_wandb":{"runtime":85},"train_loss":0.030880987644195557,"_timestamp":1.747445383643654e+09,"_runtime":85.712667303,"_step":3}