{"_timestamp":1.747559282703647e+09,"_runtime":121.031617826,"_wandb":{"runtime":121},"_step":1,"train_loss":0.3647429347038269}